{
  "0": 104.82575225830078,
  "1": 105.63658142089844,
  "2": 105.3513412475586,
  "3": 108.3505630493164,
  "4": 109.29320526123047,
  "5": 115.09272766113281,
  "6": 111.80448150634766,
  "7": 113.41645812988281,
  "8": 110.58503723144531,
  "9": 108.54586791992188,
  "10": 114.79024505615234,
  "11": 111.67039489746094,
  "12": 112.61103057861328,
  "13": 113.63643646240234,
  "14": 109.97954559326172,
  "15": 115.79371643066406,
  "16": 106.67010498046875,
  "17": 105.23704528808594,
  "18": 113.83503723144531,
  "19": 112.7980728149414,
  "20": 111.5788803100586,
  "21": 118.51625061035156,
  "22": 114.40303802490234,
  "23": 106.21694946289062,
  "24": 110.3045654296875,
  "25": 107.85492706298828,
  "26": 111.33377075195312,
  "27": 114.56329345703125,
  "28": 115.8936767578125,
  "29": 116.9842300415039,
  "30": 111.85147094726562,
  "31": 111.3497543334961,
  "32": 110.4422607421875,
  "33": 106.56884765625,
  "34": 108.09024047851562,
  "35": 106.6141586303711,
  "36": 105.26726531982422,
  "37": 104.015380859375,
  "38": 108.04890441894531,
  "39": 106.34444427490234,
  "40": 105.9967041015625,
  "41": 108.88232421875,
  "42": 102.58001708984375,
  "43": 113.9836196899414,
  "44": 113.93998718261719,
  "45": 115.40101623535156,
  "46": 115.93864440917969,
  "47": 110.84378814697266,
  "48": 112.36609649658203,
  "49": 109.88036346435547,
  "50": 116.07205200195312,
  "51": 114.94888305664062,
  "52": 106.61422729492188,
  "53": 105.71162414550781,
  "54": 106.17927551269531,
  "55": 110.05224609375,
  "56": 112.73966979980469,
  "57": 103.60884857177734,
  "58": 100.90544891357422,
  "59": 113.88859558105469,
  "60": 104.87881469726562,
  "61": 104.24148559570312,
  "62": 105.30606079101562,
  "63": 104.3069076538086,
  "64": 106.0087890625,
  "65": 113.09822845458984,
  "66": 111.21036529541016,
  "67": 104.99649810791016,
  "68": 116.828857421875,
  "69": 109.99779510498047,
  "70": 118.90266418457031,
  "71": 113.22651672363281,
  "72": 110.51719665527344,
  "73": 115.09349060058594,
  "74": 102.18901062011719,
  "75": 111.47105407714844,
  "76": 102.33894348144531,
  "77": 111.41401672363281,
  "78": 110.6583251953125,
  "79": 116.86074829101562,
  "80": 118.03419494628906,
  "81": 109.67109680175781,
  "82": 109.41816711425781,
  "83": 107.36042785644531,
  "84": 113.12124633789062,
  "85": 113.01187896728516,
  "86": 110.83247375488281,
  "87": 107.42343139648438,
  "88": 104.23637390136719,
  "89": 108.45877075195312,
  "90": 114.98423767089844,
  "91": 114.78419494628906,
  "92": 112.5860595703125,
  "93": 106.76400756835938,
  "94": 107.96842193603516,
  "95": 112.65513610839844,
  "96": 118.43290710449219,
  "97": 109.90584564208984,
  "98": 113.23136901855469,
  "99": 118.75060272216797,
  "100": 114.7709732055664,
  "101": 117.60040283203125,
  "102": 121.14572143554688,
  "103": 115.93335723876953,
  "104": 113.90825653076172,
  "105": 113.28009033203125,
  "106": 116.64413452148438,
  "107": 109.82330322265625,
  "108": 115.42024230957031,
  "109": 112.37844848632812,
  "110": 116.75592041015625,
  "111": 118.73259735107422,
  "112": 116.62782287597656,
  "113": 113.94414520263672,
  "114": 105.84988403320312,
  "115": 116.9363021850586,
  "116": 110.67329406738281,
  "117": 111.9002456665039,
  "118": 113.17950439453125,
  "119": 107.0106201171875,
  "120": 115.93900299072266,
  "121": 116.8045654296875,
  "122": 120.75761413574219,
  "123": 116.42569732666016,
  "124": 117.11604309082031,
  "125": 111.70072937011719,
  "126": 109.43539428710938,
  "127": 116.135498046875,
  "128": 110.30299377441406,
  "129": 115.98751068115234,
  "130": 113.76118469238281,
  "131": 113.1537857055664,
  "132": 123.45185852050781,
  "133": 115.09605407714844,
  "134": 111.86070251464844,
  "135": 114.34104919433594,
  "136": 108.57716369628906,
  "137": 114.91139221191406,
  "138": 114.42605590820312,
  "139": 116.81265258789062,
  "140": 116.49691772460938,
  "141": 109.65292358398438,
  "142": 114.84063720703125,
  "143": 113.37995147705078,
  "144": 112.35613250732422,
  "145": 115.34432983398438,
  "146": 114.03730773925781,
  "147": 113.09992980957031,
  "148": 116.4993896484375,
  "149": 113.82637023925781,
  "150": 114.51445007324219,
  "151": 115.04988861083984,
  "152": 110.94245910644531,
  "153": 108.0065689086914,
  "154": 107.16922760009766,
  "155": 100.55056762695312,
  "156": 108.66414642333984,
  "157": 103.16923522949219,
  "158": 105.27101135253906,
  "159": 105.15261840820312,
  "160": 111.7964859008789,
  "161": 108.65357208251953,
  "162": 111.65667724609375,
  "163": 111.96755981445312,
  "164": 112.599365234375,
  "165": 119.48583984375,
  "166": 114.7981185913086,
  "167": 117.76347351074219,
  "168": 123.56246185302734,
  "169": 127.12698364257812,
  "170": 128.64266967773438,
  "171": 142.33023071289062,
  "172": 151.82794189453125,
  "173": 168.57342529296875,
  "174": 151.33184814453125,
  "175": 184.27993774414062,
  "176": 151.69580078125,
  "177": 192.17138671875,
  "178": 192.79544067382812,
  "179": 251.75169372558594,
  "180": 215.8355712890625,
  "181": 262.0855712890625,
  "182": 236.2051239013672,
  "183": 201.30715942382812,
  "184": 120.02716064453125,
  "185": 68.44999694824219,
  "186": 34.549705505371094,
  "187": 43.16605758666992,
  "188": 47.626564025878906,
  "189": 93.96775817871094,
  "190": 111.57673645019531,
  "191": 155.65151977539062,
  "192": 188.01016235351562,
  "193": 228.26425170898438,
  "194": 273.922607421875,
  "195": 275.1553955078125,
  "196": 377.21966552734375,
  "197": 340.1827697753906,
  "198": 545.3059692382812,
  "199": 828.9478149414062,
  "200": 1238.057373046875,
  "201": 1821.266357421875,
  "202": 2926.443359375,
  "203": 4167.974609375,
  "204": 5643.6435546875,
  "205": 7321.7568359375,
  "206": 9136.962890625,
  "207": 11305.326171875,
  "208": 13430.3701171875,
  "209": 15815.5576171875,
  "210": 17918.1796875,
  "211": 21029.814453125,
  "212": 23573.587890625,
  "213": 26754.1015625,
  "214": 28995.779296875,
  "215": 32794.56640625,
  "216": 36152.61328125,
  "217": 40122.42578125,
  "218": 43778.7890625,
  "219": 47778.71484375,
  "220": 50806.86328125,
  "221": 55424.4453125,
  "222": 60527.6640625,
  "223": 63949.5546875,
  "224": 68854.171875,
  "225": 74157.7265625,
  "226": 78929.421875,
  "227": 81881.109375,
  "228": 88124.234375,
  "229": 93368.65625,
  "230": 97456.234375,
  "231": 102622.671875,
  "232": 107762.359375,
  "233": 112181.953125,
  "234": 117550.6484375,
  "235": 121703.578125,
  "236": 126881.65625,
  "237": 131896.703125,
  "238": 137359.96875,
  "239": 143138.625,
  "240": 147995.265625,
  "241": 152089.625,
  "242": 158865.71875,
  "243": 164165.828125,
  "244": 168853.0,
  "245": 173918.921875,
  "246": 175506.53125,
  "247": 182725.5625,
  "248": 188568.78125,
  "249": 192620.78125,
  "250": 198412.90625,
  "251": 204196.96875,
  "252": 208779.03125,
  "253": 212338.59375,
  "254": 217954.734375,
  "255": 223574.625,
  "256": 228724.46875,
  "257": 234077.703125,
  "258": 237185.484375,
  "259": 241823.46875,
  "260": 248485.5,
  "261": 254449.828125,
  "262": 259983.6875,
  "263": 263354.5,
  "264": 271707.59375,
  "265": 274372.75,
  "266": 280400.25,
  "267": 318528.375,
  "268": 313720.375,
  "269": 323199.46875,
  "270": 310263.65625,
  "271": 314186.0625,
  "272": 347148.84375,
  "273": 340432.125,
  "274": 317360.09375,
  "275": 334380.71875,
  "276": 325835.1875,
  "277": 436880.4375,
  "278": 323929.0625,
  "279": 327213.5625,
  "280": 544278.75,
  "281": 394178.4375,
  "282": 334109.71875,
  "283": 328473.9375,
  "284": 329046.6875,
  "285": 336343.625,
  "286": 386468.53125,
  "287": 338160.625,
  "288": 359815.71875,
  "289": 359116.6875,
  "290": 349443.53125,
  "291": 350294.65625,
  "292": 356156.375,
  "293": 364453.125,
  "294": 374751.8125,
  "295": 586699.6875,
  "296": 356242.1875,
  "297": 379268.5,
  "298": 367380.0,
  "299": 368517.6875,
  "300": 365133.1875,
  "301": 367961.4375,
  "302": 387123.09375,